years,biomass
2000,2
2001,2.621409661
2002,3.683644898
2003,5.313363645
2004,16.06574206
2005,19.64039392
2006,26.47291953
2007,48.47021608
2008,36.9237947
2009,87.23364808
2010,125.1359631
2011,212.3676387
2012,231.9878696
2013,208.4096107
2014,607.2174743
2015,1329.16286
2016,2508.248965
2017,1137.317056
2018,2872.960774
2019,2028.007927
2020,9799.149383
