"time","xdat"
2008,5
2009,5.39786423530352
2010,7.13737136944304
2011,15.1019583017155
2012,17.274189890604
2013,38.2025800279678
2014,75.6879857604022
2015,68.9500930060101
2016,91.7865876242508
2017,106.702134079922
2018,80.6339091803778
2019,78.6455918246327
2020,102.714632223381
2021,73.1157045359433
2022,64.2327363807981
2023,106.655792081719
